Product ID,Description,Product Type,Default Lock,Glass Type,Door Picture,Rating
F117,Elite View,Door,Fourway,Three,,b
F118,AMHERST,Door,Fourway,Three,,b
F120,SPLIT TRIM  II,Door,Four Way,Three,,a
F120S,SPLIT TRIM II SIDELITE,1 Sidelite,None,None,,
F121,PLAIN BAR II,Door,Four Way,Three,,a
F121S,PLAIN BAR II SIDELITE,1 Sidelite,None,None,,
F122,CAPRICE II,Door,Four Way,Three,,a
F122S,CAPRICE II SIDELITE,1 Sidelite,None,None,,
F123,MODERN II,Door,Four Way,Three,,a
F123S,MODERN II SIDELITE,1 Sidelite,None,None,,
F124,REGENCY II,Door,Four Way,Three,,a
F124S,REGENCY II SIDELITE,1 Sidelite,None,None,,
F125,MATADOR II,Door,Four Way,Three,,a
F125S,MATADOR II SIDELITE,1 Sidelite,None,None,,
F126,AMERICAN II,Door,Four Way,Three,,a
F126S,AMERICAN II SIDELITE,1 Sidelite,None,None,,
F127,TEMPO,Door,Four Way,Three,,b
F127S,TEMPO SIDELITE,1 Sidelite,None,None,,
F130,HERITAGE,Door,Four Way,Three,,a
F130S,HERITAGE SIDELITE,1 Sidelite,None,None,,
F133,COLUMBUS,Door,Four Way,Three,,b
F133S,COLUMBUS SIDELITE,1 Sidelite,None,None,,
F134,CATALINA,Door,Four Way,Three,,b
F134S,CATALINA SIDELITE,1 Sidelite,None,None,,
F135,ORIENTAL,Door,Four Way,Three,,b
F135S,ORIENTAL SIDELITE,1 Sidelite,None,None,,
F137,COLORADO,Door,Four Way,Three,,a
F137S,COLORADO SIDELITE,1 Sidelite,None,None,,
F138,CONTEMPO,Door,Four Way,Three,,b
F138S,CONTEMPO SIDELITE,1 Sidelite,None,None,,
F141,OAKLIMB,Door,Four Way,Three,,b
F141S,OAKLIMB SIDELITE,1 Sidelite,None,None,,
F145,COLONIAL,Door,Four Way,Three,,b
F145S,COLONIAL SIDELITE,1 Sidelite,None,None,,
F146,SPANIARD,Door,Four Way,Three,,a
F146S,SPANIARD SIDELITE,1 Sidelite,None,None,,
F147,CLIMBING OAK,Door,Four Way,Three,,b
F147S,CLIMBING OAK SIDELITE,1 Sidelite,None,None,,
F149,CLIMBING ROSE,Door,Four Way,Three,,b
F149S,CLIMBING ROSE SIDELITE,1 Sidelite,None,None,,
F154,CHARLOTTE,Door,Four Way,Three,,b
F154S,CHARLOTTE SIDELITE,1 Sidelite,None,None,,
F156,FOREST II,Door,Four Way,Three,,a
F156S,FOREST II SIDELITE,1 Sidelite,None,None,,
F157,DEFENDER,Door,Four Way,Three,,b
F157S,DEFENDER SIDELITE,1 Sidelite,None,None,,
F167,OREGON,Door,Four Way,Three,,b
F167S,OREGON SIDELITE,1 Sidelite,None,None,,
F172,CAROLINA,Door,Four Way,Three,,b
F172S,CAROLINA SIDELITE,1 Sidelite,None,None,,
F177,BIRD OF PARADISE,Door,Four Way,Three,,c
F177S,BIRD OF PARADISE SIDELITE,1 Sidelite,None,None,,
F179,CUSTOM BENT,Door,Four Way,Three,,a
F179S,CUSTOM BENT SIDELITE,1 Sidelite,None,None,,
F181,ARISTOCRAT,Door,Four Way,Three,,c
F181S,ARISTOCRAT SIDELITE,1 Sidelite,None,None,,
F202,SUNRISE,Door,Four Way,Three,,a
F202S,SUNRISE SIDELITE,1 Sidelite,None,None,,
F203,RENAISSANCE,Door,Four Way,Three,,c
F203S,RENAISSANCE SIDELITE,1 Sidelite,None,None,,
F204,CROWNED DOUBLE,Door,Four Way,Three,,c
F204S,CROWNED DOUBLE SIDELITE,1 Sidelite,None,None,,
F206,SOUTHERN,Door,Four Way,Three,,a
F206S,SOUTHERN SIDELITE,1 Sidelite,None,None,,
F207,HYDE PARK,Door,Four Way,Three,,b
F207S,HYDE PARKS SIDELITE,1 Sidelite,None,None,,
F208,AZTEC,Door,Four Way,Three,,a
F208S,AZTEC SIDELITE,1 Sidelite,None,None,,
F209,DIAMOND,Door,Four Way,Three,,a
F209S,DIAMOND SIDELIGHT,1 Sidelite,None,None,,
F210,MISSION,Door,Four Way,Three,,a
F210S,MISSIONS SIDELITE,1 Sidelite,None,None,,
F211,OXFORD,Door,Four Way,Three,,c
F211S,OXFORDS SIDELITE,1 Sidelite,None,None,,
F601,Cayman,Door,Four Way,Three,,a
F602,Reflection,Door,Four Way,Three,,a
F603,Sunray II,Door,Four Way,Three,,c
F604,Diamond Edge,Door,Four Way,Three,,a
F605,Empire,Door,Four Way,Three,,c
F606,Dynasty,Door,Four Way,Three,,a
F607,St Thomas,Door,Four Way,Three,,a
F608,Tulip,Door,Four Way,Three,,b
F609,Embassy,Door,Four Way,Three,,b
F610,Prestige,Door,Four Way,Three,,b
F611,Brittany,Door,Four Way,Three,,a
F612,Atlantic,Door,Four Way,Three,,a
F613,Jamaica,Door,Four Way,Three,,a
F614,Art Deco II,Door,Four Way,Three,,c
F615,Designer,Door,Four Way,Three,,c
F701,Pueblo,Door,Four Way,Three,,a
F702,Adobe,Door,Four Way,Three,,a
F703,Rain Dance,Door,Four Way,Three,,a
F704,Sonoran,Door,Four Way,Three,,a
F705,Quail Run,Door,Four Way,Three,,a
F706,Wild Gecko,Door,Four Way,Three,,a
F707,Saguaro,Door,Four Way,Three,,a
F708,Zuni,Door,Four Way,Three,,b
F709,Anasazi,Door,Four Way,Three,,b
F710,Arapaho,Door,Four Way,Three,,b
F711,Arapaho Dance,Door,Four Way,Three,,b
F712,Trails End,Door,Four Way,Three,,b
F713,Gecko,Door,Four Way,Three,,b
F714,Apache,Door,Four Way,Three,,b
F715,Navajo,Door,Four Way,Three,,b
F716,Kokopelli,Door,Four Way,Three,,b
F717,Gecko Corners,Door,Four Way,Three,,a
F718,Gecko III,Door,Four Way,Three,,a
F719,Hopi,Door,Four Way,Three,,a
F720,Santa Fe,Door,Four Way,Three,,a
F800,Cabin Fever,Door,Four Way,Three,,a
F801,The Fisherman,Door,Four Way,Three,,a
F802,Prairie View,Door,Four Way,Three,,a
F803,Wildfire,Door,Four Way,Three,,a
F804,Moose Hill,Door,Four Way,Three,,a
F805,Deer Trail,Door,Four Way,Three,,a
F806,Daybreak,Door,Four Way,Three,,a
F807,Fly Fish,Door,Four Way,Three,,a
F808,Elk Run,Door,Four Way,Three,,a
F809,Cattails,Door,Four Way,Three,,a
F810,Little Bear,Door,Four Way,Three,,a
G100,Standard Gate,Gate,Yale,None,,
G122,Caprice Gate,Gate,Yale,None,,
M300,Napa Valley,Door,Marks,One,,d
M301,French Quarter,Door,Marks,One,,d
M302,Bonnie Brae,Door,Marks,One,,d
M303,Washington Park,Door,Marks,One,,d
M900,Lifestyle 1,Door,Marks,One,,d
M901,Lifestyle 2,Door,Marks,One,,d
M902,Lifestyle 3,Door,Marks,One,,d
Q1,Q1 QUICK PICK,Door,Yale,Three,,a
Q2,Q2 QUICK PICK,Door,Yale,Three,,a
Q3,Q3 QUICK PICK,Door,Yale,Three,,a
Q4,Q4 QUICK PICK,Door,Yale,Three,,a
Q5,Q5 QUICK PICK,Door,Yale,Three,,a
Q6,Q6 QUICK PICK,Door,Yale,Three,,a
Q7,Q7 QUICK PICK,Door,Yale,Three,,a
S100,PLAIN BAR,Door,Slim Line,Two,,a
S100DS,PLAIN BAR DOUBLE SIDELITE,2 Sidelite,None,None,,
S100S,PLAIN BAR SIDELITE,1 Sidelite,None,None,,
S101,SPLIT TRIM,Door,Slim Line,Two,,a
S101DS,SPLIT TRIM DOUBLE SIDELITE,2 Sidelite,None,None,,
S101S,SPLIT TRIM SIDELITE,1 Sidelite,None,None,,
S102,CAPRICE,Door,Slim Line,Two,,a
S102DS,CAPRICE DOUBLE SIDELITE,2 Sidelite,None,None,,
S102S,CAPRICE SIDELITE,1 Sidelite,None,None,,
S103,MODERN,Door,Slim Line,Two,,a
S103DS,MODERN DOUBLE SIDELITE,2 Sidelite,None,None,,
S103S,MODERN SIDELITE,1 Sidelite,None,None,,
S104,REGENCY,Door,Slim Line,Two,,a
S104DS,REGENCY DOUBLE SIDELITE,2 Sidelite,None,None,,
S104S,REGENCY SIDELITE,1 Sidelite,None,None,,
S105,MATADOR,Door,Slim Line,Two,,a
S105DS,MATADOR DOUBLE SIDELITE,2 Sidelite,None,None,,
S105S,MATADOR SIDELITE,1 Sidelite,None,None,,
S106,AMERICAN,Door,Slim Line,Two,,a
S106DS,AMERICAN DOUBLE SIDELITE,2 Sidelite,None,None,,
S106S,AMERICAN SIDELITE,1 Sidelite,None,None,,
S107,Forest,Door,Slim Line,Two,,a
S113,FULL VIEW,Door,Slim Line,One,,a
S113DS,FULL VIEW DOUBLE SIDELITE,2 Sidelite,None,None,,
S113S,FULL VIEW SIDELITE,1 Sidelite,None,None,,
S114,OAKVIEW,Door,Slim Line,One,,a
S114DS,OAKVIEW DOUBLE SIDELITE,2 Sidelite,None,None,,
S114S,OAKVIEW SIDELITE,1 Sidelite,None,None,,
S115,Art Deco,Door,Slim Line,One,,c
S116,SUNRAY,Door,Slim Line,One,,c
S117,TEMPO,Door,Slim Line,Two,,b
S117DS,TEMPO DOUBLE SIDELITE,2 Sidelite,None,None,,
S117S,TEMPO SIDELITE,1 Sidelite,None,None,,
SL103-D-O,Modern Double Sidelite - Outside,2 Sidelite,None,None,,
SL103-S-O,Modern Sidelite - Outside,1 Sidelite,None,None,,
SL209-S,DIAMOND SIDELITE,1 Sidelite,None,None,,
Tube-D,Double Gate Tube Frame,2 Frame,None,None,,
Tube-S,Tube Frame,1 Frame,None,None,,
V106,AMERICAN SELF STORING,Door,Bee Line,Two SS,,a
V114,OAK VIEW SELF-STORING,Door,Bee Line,Two SS,,b
V120,SPLIT TRIM SELF-STORING,Door,Bee Line,Two SS,,a
V121,PLAIN BAR SELF-STORING,Door,Bee Line,Two SS,,a
V122,CAPRICE SELF-STORING,Door,Bee Line,Two SS,,a
V123,MODERN SELF-STORING,Door,Bee Line,Two SS,,a
V124,REGENCY SELF-STORING,Door,Bee Line,Two SS,,a
V125,MATADOR SELF-STORING,Door,Bee Line,Two SS,,a
V126,AMERICAN SELF-STORING,Door,Bee Line,Two SS,,a
V130,HERITAGE SELF-STORING,Door,Bee Line,Two SS,,a
V156,FORREST SELF-STORING,Door,Bee Line,Two SS,,a
V202,SUNRISE SELF-STORING,Door,Bee Line,Two SS,,a
V203,RENAISSANCE SELF-STORING,Door,Bee Line,Two SS,,c
V204,CROWNED DOUBLE SELF-STORING,Door,Bee Line,Two SS,,c
V206,SOUTHERN SELF-STORING,Door,Bee Line,Two SS,,a
V208,AZTEC SELF-STORING,Door,Bee Line,Two SS,,a
V209,DIAMOND SELF-STORING,Door,Bee Line,Two SS,,a
V211,Oxford Self-Storing,Door,Bee Line,Two SS,,c
V212,MEDALLION,Door,Bee Line,Two SS,,a
Y117,Elite View,Door,Yale,Three,,b
Y118,Amherst,Door,Yale,Three,,b
Y120,SPLIT TRIM II,Door,Yale,Three,,a
Y120S,SPLIT TRIM II SIDELITE,1 Sidelite,None,None,,
Y121,PLAIN BAR II,Door,Yale,Three,,a
Y121S,PLAIN BAR II SIDELITE,1 Sidelite,None,None,,
Y122,CAPRICE II,Door,Yale,Three,,a
Y122S,CAPRICE II SIDELITE,1 Sidelite,None,None,,
Y123,MODERN II,Door,Yale,Three,,a
Y123S,MODERN II SIDELITE,1 Sidelite,None,None,,
Y124,REGENCY II,Door,Yale,Three,,a
Y124S,REGENCY II SIDELITE,1 Sidelite,None,None,,
Y125,MATADOR II,Door,Yale,Three,,a
Y125S,MATADOR II SIDELITE,1 Sidelite,None,None,,
Y126,AMERICAN II,Door,Yale,Three,,a
Y126S,AMERICAN II SIDELITE,1 Sidelite,None,None,,
Y127,TEMPO,Door,Yale,Three,,b
Y127S,TEMPO SIDELITE,1 Sidelite,None,None,,
Y130,HERITAGE,Door,Yale,Three,,a
Y130S,HERITAGE SIDELITE,1 Sidelite,None,None,,
Y133,COLUMBUS,Door,Yale,Three,,b
Y133S,COLUMBUS SIDELITE,1 Sidelite,None,None,,
Y134,CATALINA,Door,Yale,Three,,b
Y134S,CATALINA SIDELITE,1 Sidelite,None,None,,
Y135,ORIENTAL,Door,Yale,Three,,b
Y135S,ORIENTAL SIDELITE,1 Sidelite,None,None,,
Y137,COLORADO,Door,Yale,Three,,a
Y137S,COLORADO SIDELITE,1 Sidelite,None,None,,
Y138,CONTEMPO,Door,Yale,Three,,b
Y138S,CONTEMPO SIDELITE,1 Sidelite,None,None,,
Y141,OAKLIMB,Door,Yale,Three,,b
Y141S,OAKLIMB SIDELITE,1 Sidelite,None,None,,
Y145,COLONIAL,Door,Yale,Three,,b
Y145S,COLONIAL SIDELITE,1 Sidelite,None,None,,
Y146,SPANIARD,Door,Yale,Three,,a
Y146S,SPANIARD SIDELITE,1 Sidelite,None,None,,
Y147,CLIMBING OAK,Door,Yale,Three,,b
Y147S,CLIMBING OAK SIDELITE,1 Sidelite,None,None,,
Y149,CLIMBING ROSE,Door,Yale,Three,,b
Y1492,CLIMBING ROSE SIDELITE,1 Sidelite,None,None,,
Y154,CHARLOTTE,Door,Yale,Three,,b
Y154S,CHARLOTTE SIDELITE,1 Sidelite,None,None,,
Y156,FOREST II,Door,Yale,Three,,b
Y156S,FOREST II SIDELITE,1 Sidelite,None,None,,
Y157,DEFENDER,Door,Yale,Three,,b
Y157S,DEFENDER SIDELITE,1 Sidelite,None,None,,
Y167,OREGON,Door,Yale,Three,,b
Y167S,OREGON SIDELITE,1 Sidelite,None,None,,
Y172,CAROLINA,Door,Yale,Three,,b
Y172S,CAROLINA SIDELITE,1 Sidelite,None,None,,
Y177,BIRD OF PARADISE,Door,Yale,Three,,c
Y177S,BIRD OF PARADISE SIDELITE,1 Sidelite,None,None,,
Y179,CUSTOM BENT,Door,Yale,Three,,a
Y179S,CUSTOM BENT SIDELITE,1 Sidelite,None,None,,
Y181,ARISTOCRAT,Door,Yale,Three,,c
Y181S,ARISTOCRAT SIDELITE,1 Sidelite,None,None,,
Y202,SUNRISE,Door,Yale,Three,,a
Y202S,SUNRISE SIDELITE,1 Sidelite,None,None,,
Y203,RENAISSANCE,Door,Yale,Three,,c
Y203S,RENAISSANCE SIDELITE,1 Sidelite,None,None,,
Y204,CROWNED DOUBLE,Door,Yale,Three,,c
Y204S,CROWNED DOUBLE SIDELITE,1 Sidelite,None,None,,
Y206,SOUTHERN,Door,Yale,Three,,a
Y206S,SOUTHERN SIDELITE,1 Sidelite,None,None,,
Y207,HYDE PARK,Door,Yale,Three,,b
Y207S,HYDE PARKS SIDELITE,1 Sidelite,None,None,,
Y208,AZTEC,Door,Yale,Three,,a
Y208S,AZTEC SIDELITE,1 Sidelite,None,None,,
Y209,DIAMOND,Door,Yale,Three,,a
Y209S,DIAMOND SIDELITE,1 Sidelite,None,None,,
Y210,MISSION,Door,Yale,Three,,a
Y210S,MISSIONS SIDELITE,1 Sidelite,None,None,,
Y211,OXFORD,Door,Yale,Three,,c
Y211S,OXFORDS SIDELITE,1 Sidelite,None,None,,
Y601,Cayman,Door,Yale,Three,,a
Y602,Reflection,Door,Yale,Three,,a
Y603,Sunray II,Door,Yale,Three,,c
Y604,Diamond Edge,Door,Yale,Three,,a
Y605,Empire,Door,Yale,Three,,c
Y606,Dynasty,Door,Yale,Three,,a
Y607,St Thomas,Door,Yale,Three,,a
Y608,Tulip,Door,Yale,Three,,b
Y609,Embassy,Door,Yale,Three,,b
Y610,Prestige,Door,Yale,Three,,b
Y611,Brittany,Door,Yale,Three,,a
Y612,Atlantic,Door,Yale,Three,,a
Y613,Jamaica,Door,Yale,Three,,a
Y614,Art Deco II,Door,Yale,Three,,c
Y615,Designer,Door,Yale,Three,,c
Y701,Pueblo,Door,Yale,Three,,a
Y702,Adobe,Door,Yale,Three,,a
Y703,Rain Dance,Door,Yale,Three,,a
Y704,Sonoran,Door,Yale,Three,,a
Y705,Quail Run,Door,Yale,Three,,a
Y706,Wild Gecko,Door,Yale,Three,,a
Y707,Saguaro,Door,Yale,Three,,a
Y708,Zuni,Door,Yale,Three,,b
Y709,Anasazi,Door,Yale,Three,,b
Y710,Arapaho,Door,Yale,Three,,b
Y711,Arapaho Dance,Door,Yale,Three,,b
Y712,Trails End,Door,Yale,Three,,b
Y713,Gecko,Door,Yale,Three,,b
Y714,Apache,Door,Yale,Three,,b
Y715,Navajo,Door,Yale,Three,,b
Y716,Kokopelli,Door,Yale,Three,,b
Y717,Gecko Corners,Door,Yale,Three,,a
Y718,Gecko III,Door,Yale,Three,,a
Y719,Hopi,Door,Yale,Three,,a
Y720,Santa Fe,Door,Yale,Three,,a
Y800,Cabin Fever,Door,Yale,Three,,c
Y801,The Fisherman,Door,Yale,Three,,c
Y802,Prairie View,Door,Yale,Three,,b
Y803,Wildfire,Door,Yale,Three,,b
Y804,Moose Hill,Door,Yale,Three,,b
Y805,Deer Trail,Door,Yale,Three,,b
Y806,Daybreak,Door,Yale,Three,,b
Y807,Fly Fish,Door,Yale,Three,,b
Y808,Elk Run,Door,Yale,Three,,b
Y809,Cattails,Door,Yale,Three,,b
Y810,Little Bear,Door,Yale,Three,,b
